P1009               ;PANTENE HIDRO-CAUTERIZACION AMP X1U X15M;0.0;OK
P1010               ;PANTENEÿHIDRO-CAUTERIZACIONÿAMPÿx3uÿx15m;13.0;OK
P1011               ;PANTENE HIDRO-CAUTERIZACION CPP x300ml  ;102.0;OK
P1013               ;PANTENE MAXPRO-V LISO EXTREMO AC x200ml ;8.0;OK
P1014               ;PANTENE LISO EXTREMO CPP x300ml         ;42.0;OK
P1015               ;PANTENE MAXPRO-V LISO EXTREMO SH x200ml ;5.0;OK
P1020               ;PANTENE LISO SEDOSO AC x400ml           ;129.0;OK
P10208              ;DOVE TH LIMP.MICELAR toa.húmedas x25u   ;53.0;OK
P10210              ;DOVE AGUA MICELAR fco.x200ml            ;184.0;OK
P10211              ;DOVE LIMP.MOUSSE 3EN1 fco.x150ml        ;116.0;OK
P10212              ;DOVEÿLIMP.ESPUMAÿHIDRATANTEÿESENCIALÿenv;59.0;OK
P10213              ;DOVEÿLIMP.ESPUMAÿPURIFICADORAÿPROFUNDAÿe;26.0;OK
P10214              ;DOVEÿLIMP.ESPUMAÿEXFOLIANTEÿREVITALIZANT;42.0;OK
P1022               ;PANTENE LISO SEDOSO SH x400ml           ;108.0;OK
P1035               ;PANTENE MAXPRO-V RESTAURACION AC x400ml ;18.0;OK
P1036               ;PANTENE RESTAURACION CPP x300ml         ;12.0;OK
P1037               ;PANTENE MAXPRO-V RESTAURACION AC x200ml ;21.0;OK
P1038               ;PANTENE MAXPRO-V RESTAURACION SH x400ml ;38.0;OK
P1039               ;PANTENE MAXPRO-V RESTAURACION SH x200ml ;12.0;OK
P1043               ;PANTENEÿRIZOSÿDEFINIDOSÿPORÿ+24HSÿCPPÿx3;11.0;OK
P1046               ;PANTENEÿTRATAMIENTOÿ3'RESCATEÿampÿx1uÿx1;15.0;OK
P1047               ;PANTENEÿTRATAMIENTOÿ3'RESCATEÿampÿx3uÿx1;12.0;OK
P10732              ;DOVEÿKERATINE&VAINILLAÿJBONÿLIQ.x220mlÿD;12.0;OK
P10736              ;NEUTROGENAÿPURIFIEDÿSKINÿTHÿDESMAQ.ÿtoa.;295.0;OK
P1088               ;TRESEMME BLINDAJE PLATINUM AC x400ml    ;0.0;OK
P1091               ;TRESEMME BLINDAJE PLATINUM SH x400ml    ;1.0;OK
P1093               ;TRESEMME HIDRATACION PROFUNDA SH x400   ;0.0;OK
P1097               ;TRESEMME KERATIN SMOOTH SH x400ml       ;0.0;OK
P1130               ;REXONA EFFICIENT EFECTO SECO pvo.x100gr ;32.0;OK
P1131               ;REXONA EFFICIENT talco 6x200g           ;233.0;OK
P11361              ;DOVEÿDERMASERIESÿSOOTHINGÿCORPORALÿloc.x;61.0;OK
P11362              ;DOVEÿDERMASERIESÿREPLENISHINGÿCORPORALÿl;230.0;OK
P11363              ;DOVEÿDERMASERIESÿREPLENISHINGÿFAC.ÿcr.x1;83.0;OK
P11364              ;DOVEÿDERMASERIESÿGENTLEÿCLEASINGÿLIMP.FA;135.0;OK
P11429              ;ST.IVESÿMASCARAÿFAC.GROWÿAPRICOTÿmasc.x1;0.0;OK
P11430              ;ST.IVESÿMASCARAÿFAC.SOOTHÿOATÿMEALÿmasc.;0.0;OK
P11528              ;AXE ICE CHILL DESO.STICK x50g           ;17.0;OK
P11529              ;AXE ICE CHILL DESO.BODY x150ml          ;0.0;OK
P11530              ;AXE ICE CHILL DESO.x150ml               ;2.0;OK
P11531              ;REXONA MEN CLINICAL CLEAN DESO.110ml    ;4.0;OK
P11532              ;REXONA MEN CLINICAL CLASSIC DESO.110ml  ;0.0;OK
P11533              ;REXONAÿMENÿCLINICALÿCLASSICÿDESO.ROLL-ON;0.0;OK
P11534              ;REXONAÿMENÿCLINICALÿCLEANÿDESO.ROLL-ONÿx;48.0;OK
P11535              ;SEDAL BOMBA COCO AC x340ml              ;4.0;OK
P11536              ;SEDAL BOMBA COCO SUPER AC x170ml        ;0.0;OK
P11537              ;SEDAL BOMBA COCO SH x190ml              ;1.0;OK
P11539              ;SEDAL BOMBA COCO AC x190ml              ;1.0;OK
P11546              ;GILLETTE FUSION rep.cart.x5x2           ;6.0;OK
P11593              ;AXE ICE CHILL SG x200ml                 ;14.0;OK
P116                ;DOVE NUTRICION INTENSIVA cr.x400ml      ;10.0;OK
P11681              ;HEAD&SHOULDERS NOURISHING AC x180ml     ;12.0;OK
P11682              ;HEAD&SHOULDERS NOURISHING SH x180ml     ;32.0;OK
P11683              ;HEAD&SHOULDERS NOURISHING SH x375ml     ;49.0;OK
P11684              ;HEAD&SHOULDERS NOURISHING AC x375ml     ;65.0;OK
P11686              ;Pampers Confort Sec Pañales Desechables ;14.0;OK
P11687              ;Pampers Confort Sec Pañales Desechables ;14.0;OK
P11688              ;Pampers Confort Sec Pañales Desechables ;14.0;OK
P11689              ;Pampers Confort Sec Pañales Desechables ;14.0;OK
P11690              ;PAMPERS CONFORT SEC PAÑALES DESECHABLES ;14.0;OK
P11691              ;PANTENE PRO-V RESTAURACION CPP x300ml   ;16.0;OK
P11692              ;HERBAL ESSESENCES ARGAN OIL SH x400ml   ;6.0;OK
P11693              ;HERBAL ESSESENCES ARGAN OIL AC x400ml   ;0.0;OK
P11694              ;SH HERBAL biorenew PVC 400 ml. Bio:Renew;6.0;OK
P11713              ;HEAD&SHOULDERSÿPURIF.CAPILARÿCARBONÿACTI;8.0;OK
P11714              ;HEAD&SHOULDERSÿPURIF.CAPILARÿCARBONÿACTI;12.0;OK
P11715              ;HERBAL ESSENCES MANUCA HONEY SH x400ml  ;12.0;OK
P11718              ;PONDS AGUA MICELAR ORIGINAL env.x300ml  ;11.0;OK
P11719              ;PONDSÿLIMP.FACIALÿSENSITIVEÿPSÿenv.x220m;110.0;OK
P11720              ;PONDSÿLIMP.FACIALÿOILÿFREEÿPNGÿenv.x220m;159.0;OK
P11722              ;DOVE DURAZNO&VERBENA DESO X 86G (150ML) ;2.0;OK
P11723              ;DOVE MELON&TEVERDE DESO X 86G (150ML)   ;0.0;OK
P11724              ;DOVE SPORT DESO.STICK x50g              ;0.0;OK
P11725              ;DOVE MEN CARE SPORT DESO.x89g(150ml)AP  ;3.0;OK
P11750              ;HERBAL ESSENCES MANUCA HONEY AC x400ml  ;12.0;OK
P11751              ;PONDS TH DESMAQ.SENSITIVE toa.húmed.x25u;140.0;OK
P11889              ;LISTERINE WHITENING EXTREME enj.buc.x473;27.0;OK
P11890              ;COMODIN AD CLASICO pañal x20u XXG       ;170.0;OK
P11891              ;PLENITUD PROTECT PLUS UNISEX ROPA INTER.;6.0;OK
P11892              ;PLENITUDÿPROTECTÿPLUSÿUNISEXÿropaÿinter.;12.0;OK
P12020              ;ORAL-B DETOX DEEP CLEAN pasta x75ml     ;47.0;OK
P12021              ;ORAL-BÿDETOXÿGENTLEÿWHITENINGÿpastaÿx75m;55.0;OK
P12029              ;AXE ICE CHILL CERA CAP.lata x75g        ;203.0;OK
P12030              ;REXONA GLICERINA CITRUS JBON x90u x1u   ;531.0;OK
P12031              ;REXONA GLICERINA NEUTRO JBON x90u x1u   ;528.0;OK
P12032              ;REXONA GLICERINA GRANADA JBON x90u x1u  ;543.0;OK
P12033              ;REXONA GLICERINA NEUTRO JBON x90u x3u   ;36.0;OK
P12034              ;REXONA GLICERINA CITRUS JBON x90u x3u   ;408.0;OK
P12035              ;REXONA GLICERINA GRANADA JBON x90u x3u  ;0.0;OK
P12046              ;PANTENEÿPRO-VÿMINUTEÿFUERZA&RECONSTRUCCI;149.0;OK
P12126              ;KOTEXÿDIA&NOCHEÿULTRAFINASÿc/ALASÿtoa.x8;8.0;OK
P12128              ;KOTEX ULTRAFINAS c/A toa.x8u            ;32.0;OK
P12129              ;LINA ULTRAFINAS c/A toa.x8u             ;38.0;OK
P12130              ;LINA NORMAL c/A toa.x8u                 ;6.0;OK
P12132              ;HUGGIESÿNATURALEÿCAREÿELLASÿpa¤alÿx36uÿX;0.0;OK
P12133              ;HUGGIESÿNATURALEÿCAREÿELLOSÿpa¤alÿx36uÿX;12.0;OK
P12134              ;HUGGIESÿNATURALEÿCAREÿELLASÿpa¤alÿx34uÿX;42.0;OK
P12135              ;HUGGIESÿNATURALEÿCAREÿELLOSÿpa¤alÿx34uÿX;4.0;OK
P12140              ;HUGGIES TRIPLE PROTECCION pañal x8u GDE ;6.0;OK
P12142              ;PLENITUDÿACTIVEÿROPAÿINTERIORÿFEMMEÿPANT;41.0;OK
P12143              ;PLENITUDÿACTIVEÿROPAÿINTERIORÿFEMMEÿPANT;18.0;OK
P12144              ;PLENITUDÿACTIVEÿROPAÿINTERIORÿFEMMEÿPANT;0.0;OK
P12145              ;PLENITUD ACTIVE ROPA INTERIOR FEMME PANT;0.0;OK
P12147              ;HUGGIES ACTIVE SEC PANTS BABY PAÑAL X14U;0.0;OK
P12148              ;HUGGIES ACTIVE SEC PANTS BABY PAÑAL X48U;18.0;OK
P12149              ;HUGGIES ACTIVE SEC PANTS BABY PAÑAL X40U;30.0;OK
P12150              ;HUGGIESÿACTIVEÿSECÿPANTSÿBABYÿpa¤alÿx34u;36.0;OK
P12151              ;HUGGIESÿACTIVEÿSECÿPANTSÿBABYÿpa¤alÿx32u;12.0;OK
P12152              ;HUGGIES TRIPLE PROTECCION pañal x12uPEQ ;6.0;OK
P12156              ;HUGGIESÿTHÿLIMPIEZAÿTOTALÿtoa.h£medasx48;247.0;OK
P12168              ;AXE MARINE AP DESO.x152ml               ;156.0;OK
P12171              ;CLEAR ANTI CONTAMINACION SH x200ml      ;4.0;OK
P12172              ;CLEAR ANTI CONTAMINACION SH x400ml      ;14.0;OK
P12173              ;CLEAR DETOX DIARIO SH x200ml            ;10.0;OK
P12174              ;CLEAR DETOX DIARIO SH x400ml            ;14.0;OK
P12175              ;DOVE RITUAL CRECIMIENTO AC x400ml       ;0.0;OK
P12177              ;DOVE MATCHA DESO X 150 ML               ;0.0;OK
P12178              ;DOVE MATCHA cr.x200ml                   ;9.0;OK
P12179              ;DOVE MATCHA cr.x400ml                   ;0.0;OK
P12180              ;DOVE MATCHA DESO.ROLL-ON x50ml          ;105.0;OK
P12181              ;DOVE MATCHA DESO.STICK x50g             ;93.0;OK
P12183              ;DOVE RITUAL ENERGIZANTE JBON x90g       ;394.0;OK
P12185              ;DOVE RITUAL DETOX SH x400ml             ;52.0;OK
P12190              ;AXE MUSK AP DESO.x152ml                 ;6.0;OK
P12220              ;GILLETTE MACH3 AQUA GRIP maq.x1u +2cart ;90.0;OK
P12221              ;GILLETTE MACH3 SENSITIVE maq.recarg.x1u ;30.0;OK
P12478              ;OGX BRAZILIAN KERATIN SH x385ml         ;6.0;OK
P12479              ;OGX ARGAN OIL MOROCCO SH x385ml         ;12.0;OK
P1248               ;PANTENE SUMMER EDITION SH x400ml        ;216.0;OK
P12480              ;OGX BIOTIN COLLAGEN SH x385ml           ;0.0;OK
P12481              ;OGX COCONUT MILK SH X385ML              ;6.0;OK
P12482              ;OGX KERATIN OIL SH x385ml               ;6.0;OK
P12483              ;OGX BRAZILIAN KERATIN AC x385ml         ;12.0;OK
P12484              ;OGX ARGAN OIL MOROCCO AC x385ml         ;6.0;OK
P12485              ;OGX BIOTIN COLLAGEN AC x385ml           ;6.0;OK
P12486              ;OGX COCONUT MILK AC x385ml              ;12.0;OK
P12487              ;OGX KERATIN OIL AC x385ml               ;10.0;OK
P1249               ;PANTENE SUMMER EDITION SH x200ml        ;72.0;OK
P1261               ;DOVE HIDRATACION INTENSA AC x400ml      ;1.0;OK
P1263               ;DOVE OLEO NUTRICION AC x400ml           ;271.0;OK
P1270               ;DOVE RECONSTRUCCION COMPLETA AC x200ml  ;163.0;OK
P1271               ;DOVE RECONSTRUCCION COMPLETA AC x400ml  ;86.0;OK
P1272               ;DOVE OLEO NUTRICION CPP x200ml          ;3.0;OK
P1278               ;DOVE RECONSTRUCCION COMPLETA CT x350gr  ;4.0;OK
P12803              ;HUGGIES TH DELUXE OLEO TOA.HÚMEDASX80U  ;256.0;OK
P12804              ;HUGGIES TH DELUXE OLEO toa.húmedasx48u  ;234.0;OK
P1284               ;DOVE HIDRATACION INTENSA SH x400ml      ;85.0;OK
P1285               ;DOVE OLEO NUTRICION SH x200ml           ;1.0;OK
P1286               ;DOVE OLEO NUTRICION SH x400ml           ;76.0;OK
P1290               ;DOVE RECONSTRUCCION COMPLETA SH x400ml  ;46.0;OK
P13083              ; J'S BABY H. DO SONO 48UN               ;0.0;OK
P13084              ;OB Canales Curvos Mini x8               ;111.0;OK
P13085              ;Ob Original Medio x8                    ;58.0;OK
P13086              ;Ob Original Super x8                    ;64.0;OK
P13135              ;NEUTROGENA HYDRO BOOST MASC. env.x30ml  ;297.0;OK
P13136              ;NEUTROGENA PURIFIED SKIN MASC ENV.X30ML ;293.0;OK
P13137              ;NEUTROGENA HYDRO BOOST BODY GEL CR.X400M;0.0;OK
P13138              ;NEUTROGENA HYDRO BOOST BODY GEL NOCTURNA;0.0;OK
P1315               ;PANTENE MAXPRO CUIDADO CLASICO SH x400ml;31.0;OK
P13151              ;ALWAYS MAXI PROT SUAVE T1 C/A 8X16IT SRP;0.0;OK
P13152              ;ALWAYS NOCHE SUAVE T3 C/A 8X12IT SRP    ;0.0;OK
P13153              ;HEAD & SHOULDERS PURIFICACIÓN CAPILAR CA;12.0;OK
P13154              ;PAMPERS CONFORTSEC RN+ 56PADSX03IT      ;3.0;OK
P13155              ;PAMPERS RECIEN NACIDO PC NB 36PADS      ;4.0;OK
P13156              ;PAMPERS RECIEN NACIDO PC NB+ 36PADSX04IT;4.0;OK
P13157              ;PANTENE MIRACLE SH F&R 130MLX6IT        ;0.0;OK
P13158              ;PTN MIRACLE SH HIDR EXTREMA 270MLX12IT  ;0.0;OK
P13183              ;PANTENE MINUTE MIRACLE X 130ML          ;0.0;OK
P13184              ;PANTENE MINUTE MIRACLE X 270ML          ;0.0;OK
P1320               ;PANTENE MAXPRO RIZOS DEFINIDOS AC x200ml;35.0;OK
P1321               ;PANTENE MAXPRO RIZOS DEFINIDOS AC x400ml;63.0;OK
P1322               ;PANTENE MAXPRO RIZOS DEFINIDOS SH x200ml;21.0;OK
P1323               ;PANTENE MAXPRO RIZOS DEFINIDOS SH x400ml;38.0;OK
P1324               ;PANTENEÿMAXPROÿHIDROCAUTERIZACIONÿSHÿx20;0.0;OK
P1325               ;PANTENE MAXPRO HIDROCAUTERIZACION SH x40;1.0;OK
P1326               ;PANTENEÿMAXPROÿHIDROCAUTERIZACIONÿACÿx20;17.0;OK
P1327               ;PANTENEÿMAXPROÿHIDROCAUTERIZACIONÿACÿx40;79.0;OK
P1328               ;PANTENE MAXPRO CUIDADO CLASICO AC x400ml;48.0;OK
P1329               ;PANTENE MAXPRO CONTROL CAIDA SH X200ML  ;5.0;OK
P1330               ;PANTENE MAXPRO CONTROL CAIDA SH x400ml  ;2.0;OK
P1331               ;PANTENE MAXPRO CONTROL CAIDA AC x200ml  ;0.0;OK
P1332               ;PANTENE MAXPRO CONTROL CAIDA AC x400ml  ;1.0;OK
P1345               ;IMPULSE TRUE LOVE DESO.x58gr/75ml       ;0.0;OK
P1346               ;IMPULSE VERY PINK DESO.x58gr/75ml       ;0.0;OK
P1348               ;IMPULSE MUSK DESO.x58gr/75ml            ;0.0;OK
P1351               ;PAMPERS SUPERSEC pa±al x26u MED         ;19.0;OK
P1352               ;PAMPERS SUPERSEC pa±al x22u GDE         ;12.0;OK
P1353               ;PAMPERS SUPERSEC pañal x18u XGD         ;31.0;OK
P1354               ;PAMPERS SUPERSEC pañal x18u XXGD        ;55.0;OK
P1363               ;PAMPERS CONFORTSEC POD pañal x30u PEQ   ;9.0;OK
P1364               ;PAMPERS CONFORTSEC POD pañal x26u MED   ;25.0;OK
P1365               ;PAMPERS CONFORTSEC POD pañal x22u GDE   ;33.0;OK
P1366               ;PAMPERS CONFORTSEC POD PAÑAL X18U XGDE  ;0.0;OK
P1368               ;PAMPERS SUPERSEC pañal x30u PEQ         ;25.0;OK
P1370               ;ORAL-B 3D WHITE PERFECTION cr.x102gr    ;31.0;OK
P1379               ;CAREFREEÿTODOSÿLOSÿDIASÿTANGAÿprotec.x60;83.0;OK
P1380               ;CAREFREEÿTODOSÿLOSÿDIASÿTANGAÿprotec.x20;136.0;OK
P1390               ;COMODIN REFUERZA PAÑAL aposito x20u GDE ;0.0;OK
P145                ;NEUTROGENAÿDEEPÿCLEANÿDESMAQUILLANTEÿloc;0.0;OK
P147                ;NEUTROGENAÿHANDÿCREAMÿFREEÿNORMALÿcr.x56;0.0;OK
P148                ;NEUTROGENAÿHIDRAT.INTENSIVOÿCORPO.c/AROM;25.0;OK
P149                ;NEUTROGENA LIMPIEZA toa.x25u            ;606.0;OK
P150                ;NEUTROGENAÿNIGHTÿCALMINGÿDESMAQUILLANTEÿ;391.0;OK
P1520               ;BAND AID TRANSPARENTE x40u              ;0.0;OK
P1521               ;BAND AID TRANSPARENTE x10u              ;0.0;OK
P1529               ;JOHNSON BABY TALCO X200GR               ;197.0;OK
P1530               ;JOHNSON BABY BAÐO LIQ.CABEZA HASTA LOS P;9.0;OK
P1540               ;JOHNSON BABY DULCES SUEÐOS TALCO X200G  ;200.0;OK
P1546               ;JOHNSON HIDRATACION C/ALOE&VIT.E SH X200;0.0;OK
P1547               ;JOHNSON BABY HORA DE JUGAR JBON LIQ.x200;12.0;OK
P1554               ;JOHNSON BODYLOTION 24HORAS bl x400ml    ;8.0;OK
P1559               ;JOHNSONÿBABYÿTHÿDESDEÿELÿPRIMERÿDIAÿtoa.;20.0;OK
P1564               ;JOHNSON PROTEC UV SH X400ML             ;5.0;OK
P1565               ;LISTERINE COOL MINT enj.buc.x500ml(pague;0.0;OK
P1568               ;SIEMPRE LIBRE MAX SECA ULTRAFINA 2LOCK c;78.0;OK
P1693               ;HUGGIES TH COTIDIANO TOA.H·MEDASX48U    ;120.0;OK
P1694               ;HUGGIES TH COTIDIANO toa.h·medasx96u    ;0.0;OK
P1696               ;HUGGIES LITTLE SWIMMERS traje ba±o x10u ;0.0;OK
P1697               ;HUGGIESÿLITTLEÿSWIMMERSÿtrajeÿbañoÿx11uÿ;0.0;OK
P1698               ;HUGGIESÿLITTLEÿSWIMMERSÿtrajeÿbañoÿx12uÿ;0.0;OK
P1710               ;HUGGIES TH PURO&NATURAL TOA.H·MEDASX48U ;0.0;OK
P1711               ;HUGGIES TH PURO&NATURAL TOA.H·MEDASX80U ;60.0;OK
P1712               ;HUGGIES TH TRAVESURAS toa.h·medasx48u   ;0.0;OK
P1728               ;PLENITUD PROTECTOR PROTECTOR CAMA X08U  ;10.0;OK
P1744               ;SCOTT PAPEL HIGIENICO RINDEMAX PAQ.X4U X;96.0;OK
P1754               ;SCOTTÿROLLOÿCOCINAÿMULTIUSOÿpaq.x3ux80mt;0.0;OK
P1833               ;GILLETTEÿFUSIONÿPRODGLIDEÿSTYLERÿ3EN1ÿen;0.0;OK
P1847               ;GILLETTE PRESTOBARBA 3 PS maq.desc.x1u  ;5976.0;OK
P1851               ;GILLETTE SERIES PUREZA&SUAVIDAD AS gel x;8.0;OK
P1853               ;GILLETTE VENUS DIVINE maq.x1u           ;24.0;OK
P1854               ;GILLETTE VENUS DIVINE rep.x2u           ;12.0;OK
P1858               ;GILLETTE VENUS MALIBU maq.x2u           ;7.0;OK
P1970               ;JBÿCOMPLETEÿKITÿPORTATILÿx1uÿ(cr.x20grÿ+;74.0;OK
P1981               ;JB STAGES cr.x95gr                      ;41.0;OK
P2013               ;PAMPERS CONFORTSEC POD pañal x52u MED   ;7.0;OK
P2014               ;PAMPERS CONFORTSEC POD pañal x36u XGDE  ;8.0;OK
P2019               ;PAMPERS SUPERSUAVE pañal x56u RN+       ;4.0;OK
P2022               ;PANTENE HIDRAT.INTENSA CT x300ml        ;12.0;OK
P211                ;ST.IVES CORPO.HUMECTANTE DIARIA CR.X532M;0.0;OK
P212                ;ST.IVESÿCORPO.HUMECTANTEÿEXOTICÿNATURALS;0.0;OK
P2126               ;CIF BALLERINA PAÐO env.x3u              ;1.0;OK
P214                ;ST.IVESÿCORPO.HUMECTANTEÿREAFIRMANTEÿcr.;13.0;OK
P2161               ;CLEAR CAIDA CONTROL SH x400ml           ;8.0;OK
P217                ;ORAL-Bÿ3DÿWHITEÿLUXEÿCINTAÿBLANQUEADORAÿ;10.0;OK
P2189               ;DOVE GO FRESH PERA&ALOE VERA DESO.x150ml;0.0;OK
P2197               ;DOVEÿMENÿCAREÿLIMPIEZAÿREFRESCANTEÿSHÿx4;5.0;OK
P2198               ;DOVEÿMENÿCAREÿSILVERÿCONTROLÿAPÿDESO.x89;10.0;OK
P220                ;ORAL-B CLASSIC CEP.MED 40 x1u           ;23.0;OK
P221                ;ORAL-B COMPLETE CEP. SOFT 40 3x2        ;39.0;OK
P222                ;ORAL-B COMPLETE CEP.MED40 x1u           ;19.0;OK
P2228               ;LIFEBUOY NATURE JBON x1u x125gr         ;23.0;OK
P2229               ;LIFEBUOYÿTOTALÿANTIBACTERIALÿJBONÿx3uÿx1;0.0;OK
P223                ;ORAL-B HILO DENTAL s/CERA x1u x25mt     ;10.0;OK
P2230               ;LIFEBUOY TOTAL JBON x1u x125gr          ;182.0;OK
P2233               ;LORDÿCHESELINEÿGELÿEFECTÿHUMEDOÿpomoÿx15;222.0;OK
P225                ;ORAL-B KIDS SOFT CEP.x1u                ;48.0;OK
P2251               ;LUX VERBENA&TE VERDE JBON LIQ.x250ml    ;38.0;OK
P226                ;ORAL-B ORTODONCIA CEP.35 X1U            ;15.0;OK
P2263               ;PONDS DUAL loc.x200ml                   ;0.0;OK
P2267               ;REXONAÿEFFICIENTÿANTIBACTERIALÿpvo.x200g;80.0;OK
P227                ;ORAL-BÿPROSALUDÿCEP.7BENEFICIOSÿSOFT40ÿ2;7.0;OK
P230                ;ORAL-BÿPROSALUDÿCEP.ANTIBACTERIALÿSOFT40;0.0;OK
P234                ;ORAL-B PROSALUD POWER CEP.x1u (A PILAS) ;41.0;OK
P236                ;ORAL-B STAGES 1 CEP x u                 ;27.0;OK
P237                ;ORAL-B STAGES 2 CEP x1u                 ;30.0;OK
P239                ;ORAL-B STAGES 4 CEP x1u                 ;12.0;OK
P2407               ;VIVERE SUAVIDAD DIA A REP.LIQ.X500ML    ;0.0;OK
P2462               ;NEUTROGENA RAPID WRINKLER RAPAIR NOCHE X;14.0;OK
P2463               ;NEUTROGENA RAPID WRINKLER RAPAIR OJOS X2;14.0;OK
P248                ;PRO MULTIPLE ACCION SUAVE 40 CEP.2x1    ;3.0;OK
P2572               ;TRESEMME OIL RADIANTE ELIXIR x98ml      ;0.0;OK
P260                ;LISTERINE ANTI SARRO enj.buc.x500ml     ;0.0;OK
P261                ;LISTERINE COOL 24HS 2XDIA enj.buc.x250ml;0.0;OK
P262                ;LISTERINE CUIDADO TOTAL enj.buc.x250ml  ;0.0;OK
P263                ;LISTERINE CUIDADO TOTAL enj.buc.x500ml  ;0.0;OK
P264                ;LISTERINEÿFRESHÿ24HSÿ2XDIAÿenj.buc.x250m;0.0;OK
P265                ;LISTERINE FRESH BURST enj.buc.x500ml    ;0.0;OK
P266                ;LISTERINEÿPROTECCIONÿENCIASÿenj.buc.x250;12.0;OK
P2677               ;COMODINÿADÿANATOMICOÿJUVENILÿpa¤alÿx10uÿ;0.0;OK
P2702               ;JOHNSON GOLD AC X200ML                  ;34.0;OK
P2703               ;JOHNSON GOLD AC X400ML                  ;14.0;OK
P2704               ;JOHNSON BABY TH TOQUE BEBE MAS GRUESAS T;249.0;OK
P2705               ;JOHNSON BABY TH TOQUE DE SUEÑO MAS GRUES;101.0;OK
P2710               ;ARIELÿLIMPIEZAÿIMPECABLEÿTBMÿENÿAGUAÿFRI;14.0;OK
P2734               ;JOHNSON BABY BESITOS ROSA COL.X200ML    ;6.0;OK
P2738               ;JOHNSON BABY DULCES SUEÐOS VIOLETA col.x;4.0;OK
P2740               ;JOHNSONÿBABYÿFRESCAÿCARICIAÿVERDEÿcol.x2;0.0;OK
P2758               ;PANTENE EXPERT HYDRA INTENSIFY AC x250ml;24.0;OK
P2759               ;PANTENE EXPERT HYDRA INTENSIFY SH x250ml;104.0;OK
P2778               ;DOVE RECUPERACION EXTEMA CT x350gr      ;0.0;OK
P2786               ;OLD SPICE LEÑA DESO.BARRA x50gr         ;0.0;OK
P2787               ;OLD SPICE LEÑA DESO.x150ml AT           ;13.0;OK
P279                ;ORAL-BÿPROSALUDÿs/ALCOHOLÿSABORÿMENTAÿFR;0.0;OK
P2790               ;PAMPERS BABYWIPES ML toa.x48u           ;0.0;OK
P280                ;ORAL-BÿPROSALUDÿs/ALCOHOLÿSABORÿMENTAÿFR;17.0;OK
P282                ;ORAL-BÿWHITEÿBRILLIANTÿFRESHÿcr.dentalÿx;43.0;OK
P283                ;ORAL-BÿWHITEÿBRILLIANTÿFRESHÿcr.dentalÿx;0.0;OK
P284                ;ORAL-BÿWHITEÿBRILLIANTÿFRESHÿenj.buc.x23;22.0;OK
P285                ;ORAL-B WHITE BRILLIANT FRESH enj.buc.x47;14.0;OK
P2851               ;PAMPERS CONFORTSEC POD pañal x60u GDE   ;9.0;OK
P2852               ;PAMPERS CONFORTSEC POD PAÑAL X48U XGDE  ;5.0;OK
P2855               ;ALWAYSÿPROTECCIONÿPLUSÿSUAVEÿc/Aÿtoa.x16;12.0;OK
P2863               ;ALWAYS PROTECCION PLUS SUAVE c/A toa.x8u;16.0;OK
P2868               ;AXE PUMP ADRENALINE colonia x82gr       ;0.0;OK
P2895               ;SEDAL RIZOS DEFINIDOS SH x340ml         ;5.0;OK
P2898               ;SEDAL BALANCE CREMOSO SH x340ml         ;0.0;OK
P2908               ;SEDAL RIZOS DEFINIDOS AC x340ml         ;0.0;OK
P2909               ;SEDAL CERAMIDAS AC x340ml               ;15.0;OK
P2914               ;SEDAL RIZOS DEFINIDOS CPP x300ml        ;0.0;OK
P2921               ;PAMPERSÿPANTSÿCONFORTÿSECÿpa¤alÿx16uÿXGD;5.0;OK
P2923               ;PAMPERS PANTS CONFORT SEC pañal x34u GDE;20.0;OK
P2928               ;DONNA ALGODON x140gr                    ;0.0;OK
P2930               ;REXONAÿWOMÿCLINICALÿULTRAÿFRESHÿDESO.CRÿ;11.0;OK
P2931               ;REXONAÿMENÿCLINICALÿSPORTÿA/TÿSTRENGTHÿD;0.0;OK
P2938               ;MAGISTRAL ACTIVA LIMON deterg.300ml     ;44.0;OK
P2939               ;MAGISTRAL ACTIVA MARINA deterg.300ml    ;11.0;OK
P2947               ;TRESEMME BLINDAJE PLATINUM SH x200ml    ;17.0;OK
P2960               ;REXONA BAMBOO FRESH JBON x1u x125gr     ;235.0;OK
P2964               ;REXONA ORCHID FRESH JBON x125g x1u      ;50.0;OK
P2970               ;GOODNITES CALZONCITOS PEQ-MED env.x14u  ;10.0;OK
P2971               ;GOODNITES CALZONCITOS GDE-XGD env.x11u  ;0.0;OK
P2972               ;REXONA ORCHID FRESH JBON LIQ.x250ml     ;0.0;OK
P2972               ;REXONA ORCHID FRESH JBON LIQ.x250ml     ;1.0;NOOK
P2973               ;REXONA ACTIVE JBON LIQ.x250ml           ;26.0;OK
P2976               ;PLENITUD FEMME TOA.EXTRA s/A toa.x20u   ;21.0;OK
P2977               ;PLENITUDÿFEMMEÿTOA.NOCTURNASÿs/Aÿtoa.x20;25.0;OK
P2978               ;PLENITUD FEMME TOA.NOCTURNAS s/A toa.x8u;68.0;OK
P2983               ;PANTENE 3MM RIZOS DEFINIDOS AC x170ml   ;71.0;OK
P2984               ;PANTENE 3MM LISO EXTREMO AC x170ml      ;97.0;OK
P2985               ;PANTENEÿ3MMÿHIDRATACIONÿEXTREMAÿACÿx170m;32.0;OK
P2986               ;PANTENE 3MM RESTAURACION AC x170ml      ;12.0;OK
P2987               ;NEUTROGENAÿOILFREEÿPINKÿGAPERFRUITÿLIMP.;10.0;OK
P3012               ;JOHNSONÿBABYÿTOQUEÿFRESCURAÿBAÑOÿLIQ.ÿli;2.0;OK
P3013               ;JOHNSONÿBABYÿDULCESÿSUEÑOSÿBAÑOÿLIQ.ÿliq;2.0;OK
P3042               ;NEUTROGENAÿPIESÿc/GICERINAÿHIDRATANTEÿcr;27.0;OK
P3183               ;REXONA WOM COTTON DESO.x150ml(90g)      ;0.0;OK
P3185               ;REXONAÿWOMÿACTIVEÿEMOTIONÿDESO.x150mlÿx1;0.0;OK
P3187               ;REXONAÿWOMÿMOTIONSENSEÿINVISIBLEÿDESO.x1;0.0;OK
P3188               ;REXONAÿWOMÿANTIBACTERIAÿPROTECT.ÿDESO.x1;0.0;OK
P3231               ;LISTERINE ZERO TOTAL CARE enj.buc.x250ml;45.0;OK
P3232               ;LISTERINE ZERO TOTAL CARE enj.buc.x500ml;0.0;OK
P3234               ;JOHNSONÿBODYLOTIONÿLAVANDA&MANZANILLAÿbl;0.0;OK
P3240               ;DOVE BABY ENRIQUECIDO SH x200ml         ;0.0;OK
P3242               ;DOVE BABY SENSIBLE JBON LIQ.x200ml      ;2.0;OK
P3243               ;DOVE BABY ENRIQUECIDO SH x400ml         ;1.0;OK
P3248               ;DOVE BABY SENSIBLE JBON x1u x75gr       ;0.0;OK
P3258               ;REXONA MEN ANTIBACTERIAL DESO.BARRA x50g;0.0;OK
P3260               ;REXONAÿWOMÿANTIBACTERIALÿPROTEC.ÿDESO.BA;0.0;OK
P3277               ;JOHNSONÿBODYLOTIONÿNUTRIC.FORTALECEDORAÿ;8.0;OK
P329                ;DOVE BEAUTY FINISH DESO.x100gr (169ml)  ;0.0;OK
P330                ;DOVE DERMO ACLARANT DESO.X100GR (169ML) ;8.0;OK
P332                ;DOVEÿGOÿFRESHÿPEPINO/TEÿVERDEÿDESO.ROLL-;114.0;OK
P333                ;DOVE GO FRESH PEPINO/TE VERDE DESOX169ML;0.0;OK
P334                ;DOVE GO FRESH POMELO/LIMON DESO X 100GR ;0.0;OK
P3346               ;HUGGIES NATURALE CARE pa±al x17u RN     ;10.0;OK
P3347               ;HUGGIES NATURALE CARE pa±al x34u RN     ;6.0;OK
P3348               ;HUGGIESÿNATURALEÿCAREÿELLOSÿpañalÿx17uÿP;34.0;OK
P3349               ;HUGGIESÿNATURALEÿCAREÿELLASÿpa¤alÿx17uÿP;149.0;OK
P335                ;DOVEÿINVISIBLEÿDRYÿCOMPRIMIDOÿDESO.x1uÿx;158.0;OK
P3350               ;HUGGIESÿNATURALEÿCAREÿELLOSÿpañalÿx34uÿP;0.0;OK
P3351               ;HUGGIESÿNATURALEÿCAREÿELLASÿpa¤alÿx34uÿP;0.0;OK
P3354               ;HUGGIES ACTIVE SEC PA±AL X40U PEQ       ;0.0;OK
P336                ;DOVEÿINVISIBLEÿDRYÿDESO.ROLL-ONÿx50mlÿA/;0.0;OK
P3364               ;LIFEBUOYÿTOTAL10ÿANTIBACTERIASÿJBONÿLIQ.;0.0;OK
P337                ;DOVE INVISIBLE DRY DESO.x100gx1u(169ml) ;0.0;OK
P338                ;DOVE INVISIBLE DRY MEN DESO.x89gr A/T   ;0.0;OK
P339                ;DOVE ORIGINAL COMPRIMIDO DESO.X1U X85ML ;0.0;OK
P340                ;DOVE ORIGINAL DESO.BARRA x50g           ;25.0;OK
P341                ;DOVE ORIGINAL DESO.ROLL-ON x50ml A/T    ;94.0;OK
P342                ;DOVE ORIGINAL DESO X 100GR              ;210.0;OK
P3489               ;CLOSEÿUPÿPEPPERMINTÿDROPSÿgelÿdentalÿx90;0.0;OK
P3493               ;CLOSE UP WHITE DIAMOND gel dental x90gr ;20.0;OK
P3578               ;KOTEX EVOLUTION c/APLIC.tampon x8u MINI ;2.0;OK
P3579               ;KOTEX EVOLUTION c/APLIC.tampon x8 MED   ;0.0;OK
P3581               ;PLENITUDÿPROTECTÿPLUSÿUNISEXÿropaÿinter.;0.0;OK
P3582               ;PLENITUDÿPROTECTÿPLUSÿUNISEXÿropaÿinter.;0.0;OK
P3583               ;PLENITUD FEMME TOA.NORMAL c/A toa.x16u  ;0.0;OK
P3587               ;IMPULSE INSTANT CRUSH DESO.x107gr       ;24.0;OK
P3617               ;TRESEMME DETOX MASCARA CT x400gr        ;3.0;OK
P3619               ;TRESEMME DETOX CAPILAR AC x400gr        ;66.0;OK
P3632               ;JOHNSON BABY ORIGINAL JBON x125g x3u    ;6.0;OK
P3653               ;SEDAL PUREZA DETOX AC x340ml            ;16.0;OK
P3654               ;SEDAL PUREZA DETOX SH x340ml            ;8.0;OK
P3663               ;SEDAL NUTRICION AC x340ml               ;0.0;OK
P3766               ;PLENITUD FEMME TOA.ULTRAFINA c/A toa.x24;0.0;OK
P377                ;REXONAÿWOMÿACTIVEÿEMOTIONÿCOMPRIMIDOÿDES;0.0;OK
P3772               ;DOVEÿMENÿCAREÿTALCOÿMINERAL+SANDALOÿDESO;36.0;OK
P3776               ;CAREFREE TODOSLOSDIAS FLEXI protec.x25u ;58.0;OK
P3777               ;CAREFREE TODOSLOSDIAS FLEXI protec.x60u ;45.0;OK
P3778               ;JOHNSON COTONETES env.x150u             ;0.0;OK
P3780               ;COMFORT CLASSIC DILUIDO liq.x900ml DP   ;12.0;OK
P3786               ;SEDAL RESTAURACION INSTANTANEA SH x340ml;0.0;OK
P3787               ;SEDAL RESTAURACION INSTANTANEA AC x340ml;35.0;OK
P3788               ;REXONA WOM INVISIBLE DESO.ROLL-ON x50ml ;23.0;OK
P3790               ;REXONA MEN ANTIBACTERIAL INVISIBLE DESO.;0.0;OK
P3803               ;REXONAÿWOMÿANTIBACTERIALÿINVISIBLEÿDESO.;369.0;OK
P3804               ;REXONAÿMENÿANTIBACTERIALÿINVISIBLEÿDESO.;0.0;OK
P3808               ;HUGGIESÿNATURALEÿCAREÿFANÿELLAÿMEGAÿpaña;83.0;OK
P3809               ;HUGGIESÿNATURALEÿCAREÿFANÿELÿMEGAÿpañalÿ;3.0;OK
P3810               ;HUGGIESÿNATURALEÿCAREÿFANÿELLAÿMEGAÿpaña;0.0;OK
P3811               ;HUGGIESÿNATURALEÿCAREÿFANÿELÿMEGAÿpañalÿ;0.0;OK
P3812               ;HUGGIESÿNATURALEÿCAREÿFANÿELLAÿMEGAÿpaña;9.0;OK
P3813               ;HUGGIESÿNATURALEÿCAREÿFANÿELÿMEGAÿpañalÿ;22.0;OK
P383                ;REXONA WOM COTTON 24H DESO.ROLL-ON x50ml;0.0;OK
P3853               ;PANTENEÿPRO-VÿFUERZA&RECONSTRUCCIONÿSHÿx;104.0;OK
P3862               ;PANTENEÿPRO-VÿFUERZA&RECONSTRUCCIONÿSHÿx;2.0;OK
P3863               ;PANTENEÿPRO-VÿFUERZA&RECONSTRUCCIONÿACÿx;34.0;OK
P3864               ;PANTENEÿPRO-VÿFUERZA&RECONSTRUCCIONÿACÿx;52.0;OK
P3865               ;PANTENE FUERZA&RECONSTRUCCION amp.x15ml ;3.0;OK
P3867               ;PANTENE FUERZA&RECONSTRUCCION CPP x300ml;94.0;OK
P389                ;REXONAÿWOMÿPOWDERÿCOMPRIMIDOÿDESO.x56grÿ;58.0;OK
P3896               ;LISTERINEÿZEROÿANTIÿCARIESÿenj.buc.x250m;44.0;OK
P3897               ;LISTERINEÿZEROÿANTIÿCARIESÿenj.buc.x500m;25.0;OK
P3906               ;DOVE RITUAL REPARACION CT x300gr        ;94.0;OK
P3909               ;DOVE RITUAL REPARACION AC x400ml        ;2.0;OK
P3910               ;DOVE RITUAL FORTALECIMEINTO AC x400ml   ;6.0;OK
P3912               ;DOVE VIGOR ACTIVO 2EN1 SH x400ml        ;5.0;OK
P3913               ;DOVE RITUAL FORTALECIMIENTO SH x400ml   ;3.0;OK
P3914               ;DOVE RITUAL REPARACION SH x400ml        ;0.0;OK
P3916               ;DOVE RITUAL REPARACION SH x200ml        ;24.0;OK
P3918               ;TRESEMME BLINDAJE PLATINUM MASC.CT X 400;48.0;OK
P392                ;REXONAÿWOMÿSKINCAREÿDUALÿACTIONÿCALMINGÿ;0.0;OK
P3929               ;HUGGIESÿACTIVEÿCAPITANÿAMERICAÿMEGAÿpaña;0.0;OK
P3931               ;HUGGIESÿACTIVEÿCAPITANÿAMERICAÿMEGAÿpaña;0.0;OK
P3932               ;HUGGIESÿACTIVEÿCAPITANÿAMERICAÿMEGAÿpaña;39.0;OK
P3933               ;HUGGIESÿACTIVEÿCAPITANÿAMERICAÿHIPERÿpañ;0.0;OK
P3934               ;HUGGIES ACTIVE CAPITAN AMERICA HIPER PA±;0.0;OK
P3935               ;HUGGIESÿACTIVEÿCAPITANÿAMERICAÿHIPERÿpañ;0.0;OK
P3936               ;HUGGIES ACTIVE CAPITAN AMERICA HIPER PA±;0.0;OK
P396                ;REXONA ODORONO DESO.CR pote x60g        ;0.0;OK
P398                ;AXE APOLLO DESO.x150ml                  ;0.0;OK
P399                ;AXE APOLLO SECO DESO.x1u x152ml         ;0.0;OK
P3992               ;JOHNSON BABY TOQUE FRESCURA TALCO x200gr;199.0;OK
P3997               ;DOVE GO FRESH PERA DESO.ROLL-ON x50ml   ;155.0;OK
P3999               ;DOVE LECHE DE COCO JLIQ.x250ml          ;0.0;OK
P400                ;AXE BLACK DESO.150ml A/T                ;0.0;OK
P4000               ;AXE BLACK DESO.BARRA x54gr              ;3.0;OK
P4002               ;AXE ADRENALINE DESO.BARRA x54gr         ;2.0;OK
P401                ;AXE BLACK DESO.X1U X150ML (96GR)        ;0.0;OK
P4014               ;KOTEXÿPROTEC.DIARIOSÿULTRADELGADOSÿFLEXI;43.0;OK
P402                ;AXE DARKTEMPTATION DESO.BS X93GR (150ML);107.0;OK
P403                ;AXEÿDARKTEMPTATIONÿSECOÿ48HÿDESO.x90grÿ(;8.0;OK
P407                ;AXE MARINE DESO.X113GR (160ML)          ;361.0;OK
P4075               ;KOTEXÿPROTEC.DIARIOSÿNIKEÿGABBYÿprotect.;25.0;OK
P4077               ;AXE COLLISION BODY BS X150ML(96G)       ;29.0;OK
P4082               ;AXE ANARCHY WOM BODY BS X150ML(96G)     ;40.0;OK
P4087               ;HUGGIESÿNATURALEÿCAREÿFANÿELLAÿMEGAÿpaña;81.0;OK
P4088               ;HUGGIESÿNATURALEÿCAREÿFANÿELLAÿHIPERÿpañ;1.0;OK
P4089               ;HUGGIES NATURALE CARE FAN ELLA HIPER PA±;13.0;OK
P4090               ;HUGGIESÿNATURALEÿCAREÿFANÿELLAÿHIPERÿpa¤;0.0;OK
P4093               ;HUGGIESÿNATURALEÿCAREÿFANÿELÿHIPERÿpa¤al;4.0;OK
P4094               ;HUGGIESÿNATURALEÿCAREÿFANÿELÿHIPERÿpañal;1.0;OK
P4096               ;HUGGIES NATURALE CARE FAN EL MEGA PA±AL ;32.0;OK
P41                 ;DONNA ALGODON x500gr                    ;0.0;OK
P4108               ;KOTEXÿPROTEC.DIARIOSÿULTRADELGADOSÿFLEXI;39.0;OK
P4118               ;KOTEXÿFITNESSÿULTRAFINASÿc/Aÿs/Pÿtoa.x16;8.0;OK
P4126               ;HUGGIES CLASSIC REGULAR pa±al x08u XGE  ;22.0;OK
P4128               ;HUGGIES CLASSIC MEGA pa±al x26u MED     ;0.0;OK
P4129               ;HUGGIES CLASSIC MEGA pa±al x22u GDE     ;0.0;OK
P413                ;DOVEÿMENÿCAREÿCLEANÿCONFORTÿ48HÿDESOx89g;0.0;OK
P4130               ;HUGGIES CLASSIC MEGA pa±al x18u XGD     ;24.0;OK
P4131               ;HUGGIES CLASSIC MEGA pa±al x17u XXG     ;65.0;OK
P4132               ;HUGGIES CLASSIC HIPER pa±al x52u MED    ;0.0;OK
P4133               ;HUGGIES CLASSIC HIPER pa±al x44u GDE    ;1.0;OK
P4134               ;HUGGIES CLASSIC HIPER pa±al x36u XGD    ;1.0;OK
P4135               ;HUGGIES CLASSIC HIPER pa±al x34u XXG    ;0.0;OK
P414                ;DOVE MEN CARE EXTRA FRESH DESO.x98gr    ;0.0;OK
P4152               ;DOVE KERITE cr.x400ml                   ;0.0;OK
P4154               ;SEDAL BOMBA ARGAN CPP x300ml            ;32.0;OK
P4158               ;DOVEÿMENÿCAREÿCLEANÿCOMFORTÿJBONÿx90gÿx1;145.0;OK
P4159               ;DOVE MEN CARE EXTRA FRESH JBON x90g x1u ;18.0;OK
P4163               ;REXONAÿWOMÿSTAYÿFRESHÿFLORESÿBLANCASÿDES;0.0;OK
P4165               ;REXONAÿWOMÿSTAYÿFRESHÿPOMELO&VERBENAÿDES;42.0;OK
P4166               ;DOVEÿRECONSTRUCCIONÿCOMPLETAÿSHÿx180mlÿD;8.0;OK
P417                ;GILLETTE ENDURANCE GEL DESO.BARRA X82GR ;0.0;OK
P4172               ;TRESEMME BAJO POO NUTRICION SH x200ml   ;0.0;OK
P4175               ;TRESEMME BAJO POO NUTRICION AC x400ml   ;0.0;OK
P4179               ;SEDAL BOMBA ARGAN SH x340ml             ;0.0;OK
P4180               ;SEDAL BOMBA ARGAN AC x340ml             ;4.0;OK
P4185               ;REXONAÿEFFICIENTÿANTIBACTERIALÿpvo.x100g;69.0;OK
P4186               ;REXONAÿEFFICIENTÿANTIBACTERIALÿAPÿDESO.x;264.0;OK
P4187               ;REXONA EFFICIENT DESO.x88gr(153ml)      ;0.0;OK
P4194               ;GILLETTE PRESTOBARBA 3 WOM maq.x2u      ;37.0;OK
P4195               ;GILLETTE PRESTOBARBA 3 WOM maq.x4u      ;29.0;OK
P4196               ;GILLETTE MACH3 rep.cart.x1u             ;67.0;OK
P4203               ;ORAL-B 3D WHITE ADVANCE SOFT40 CEP 2x1  ;119.0;OK
P4205               ;REXONAÿWOMÿBAMBOO&ALOEVERAÿDESO.x150ml(9;0.0;OK
P421                ;GILLETTE SPORT TRIUMPH DESO.x150ml      ;12.0;OK
P4217               ;JOHNSON ADULTO ORIGINAL JBON x125gr x1u ;96.0;OK
P4218               ;JOHNSON ADULTO AVENA JBON x125gr        ;65.0;OK
P4219               ;JOHNSON ADULTO ORIGINAL JBON x125gr x3u ;45.0;OK
P4220               ;JOHNSON ADULTO AVENA JBON x125gr x3u    ;17.0;OK
P4221               ;JOHNSON ADULTO ALOEVERA JBON x125gr x3u ;48.0;OK
P4223               ;JOHNSONÿADULTOÿNUTRICIONÿREPARADORAÿJBON;32.0;OK
P4293               ;CLOSE UP CEP SLIM CARE .SOFT x2u        ;0.0;OK
P4294               ;SEDAL BOMBA ARGAN AC x650ml             ;8.0;OK
P4295               ;CIF BALLERINA ESPONJA PREMIUM blist.x1u ;0.0;OK
P4299               ;GILLETTE VENUS SPA rep.x2u              ;0.0;OK
P43                 ;JOHNSON COTONETES FLEXIBLES env.x100u   ;0.0;OK
P4300               ;GILLETTE VENUS SPA maq.x1u              ;56.0;OK
P4310               ;PAMPERS PANTS CONFORT SEC pañal x18u GDE;127.0;OK
P434                ;OLDÿSPICEÿAFTERÿPARTYÿDESO.BARRAÿx150grÿ;18.0;OK
P436                ;OLD SPICE SHOWTIME DESO.BARRA x50gr     ;4.0;OK
P438                ;OLD SPICE VIP DESO.BARRA x50gr          ;12.0;OK
P439                ;OLD SPICE VIP DESO.x152ml               ;6.0;OK
P440                ;OLD SPICE WOLFTHORN DESO.BARRA x50gr AT ;4.0;OK
P442                ;OLD SPICE WOLFTHORN DESO.x93gr A/T      ;12.0;OK
P447                ;REXONAÿMENÿANTIBACTERIAÿPROTECTIONÿDESO.;0.0;OK
P449                ;REXONA MEN CLINICAL DESO.CRX48GR A/T    ;0.0;OK
P451                ;REXONA MEN HOMBRE A/T DESO.x1ux150ml    ;0.0;OK
P452                ;REXONAÿMENÿINVISIBLEÿ48HÿDESO.ROLL-ONÿx5;0.0;OK
P455                ;REXONAÿMENÿSENSITIVEÿSKINÿCAREÿ48HÿDESO.;0.0;OK
P459                ;REXONA MEN XTRA COOL 48H DESO.150ml A/T ;441.0;OK
P460                ;REXONAÿWOMÿCLINICALÿCLEANÿFRESHÿDESO.CRÿ;0.0;OK
P461                ;REXONAÿWOMÿCLINICALÿEXTRAÿDRIVEÿDESO.CRÿ;11.0;OK
P466                ;GILLETTE FOAMY MENTOL x175gr            ;12.0;OK
P467                ;GILLETTE FOAMY MENTOL x312gr            ;1.0;OK
P468                ;GILLETTE FOAMY PIEL SENSIBLE x175gr     ;2.0;OK
P470                ;GILLETTE FOAMY REGULAR x312gr           ;3.0;OK
P471                ;GILLETTE FUSION maq.x1u                 ;16.0;OK
P472                ;GILLETTE FUSION PRODGLIDE maq.x1u       ;12.0;OK
P473                ;GILLETTE FUSION PRODGLIDE rep.cart.x2u  ;16.0;OK
P475                ;GILLETTE FUSION rep.cart.x4u            ;0.0;OK
P480                ;GILLETTE MACH3 rep.cart.x2u             ;38.0;OK
P481                ;GILLETTE MACH3 rep.cart.x4u             ;0.0;OK
P482                ;GILLETTE MACH3 SENSITIVE maq.desc.x3u   ;16.0;OK
P484                ;GILLETTE MACH3 SENSITIVE rep.cart.x2u   ;48.0;OK
P485                ;GILLETTE MACH3 SENSITIVE rep.cart.x4u   ;26.0;OK
P486                ;GILLETTE MACH3 TURBO maq.x1u            ;35.0;OK
P488                ;GILLETTE MACH3 TURBO rep.x2u            ;50.0;OK
P489                ;GILLETTE MACH3 TURBO rep.x4u            ;69.0;OK
P49                 ;JOHNSON BABY ACEITE c/ALOE aceite x100ml;76.0;OK
P490                ;GILLETTE MACH3(HERCU)MAQUIN+1C          ;23.0;OK
P493                ;GILLETTEÿPRESTOBARBAÿ3ÿmaq.desc.x2uÿ(GRI;58.0;OK
P495                ;GILLETTE PRESTOBARBA 3 maq.desc.x4u (GRI;36.0;OK
P497                ;GILLETTEÿPRESTOBARBAÿ3ÿSENSCAREÿmaq.desc;59.0;OK
P498                ;GILLETTE PRESTOBARBA 3 SENSCARE maq.desc;4.0;OK
P500                ;GILLETTE PRESTOBARBA 3 WOM x2u          ;88.0;OK
P506                ;GILLETTEÿPRESTOBARBAÿPNÿESPUMAÿDEÿAFEITA;2.0;OK
P507                ;GILLETTEÿPRESTOBARBAÿPSÿESPUMAÿDEÿAFEITA;20.0;OK
P51                 ;JOHNSON BABY ACEITE PURO aceite x100ml  ;44.0;OK
P511                ;GILLETTE PRESTOBARBA ULTRA GRIP maq.x1u ;23064.0;OK
P514                ;GILLETTE SENSOR EXCEL rep.cart.x5u      ;28.0;OK
P517                ;GILLETTE VENUS BREEZE maq.x1u           ;0.0;OK
P518                ;GILLETTE VENUS BREEZE rep.cart.x2u      ;0.0;OK
P52                 ;JOHNSON BABY ACEITE PURO aceite x200ml  ;1.0;OK
P522                ;GILLETTE VENUS SIMPLY MAQ.AFEITAR x4u   ;0.0;OK
P53                 ;JOHNSON BABY DULCES SUEÐOS toa.h·medas x;0.0;OK
P530                ;ALWAYS ACTIVE ULTRA c/GEL c/A toa.x08u  ;46.0;OK
P531                ;ALWAYS BASICA SECA c/A toa.x16u         ;12.0;OK
P533                ;ALWAYSÿDIARIASÿINVISIBLEÿNORMALÿPROTEC.x;81.0;OK
P534                ;ALWAYSÿDIARIASÿINVISIBLEÿNORMALÿPROTEC.x;26.0;OK
P535                ;ALWAYS MAXPROT NORMAL DIA SECA C/A X16U ;9.0;OK
P536                ;ALWAYS MAXPROT NORMAL DIA SUAVE c/A x16u;0.0;OK
P538                ;ALWAYSÿMAXPROTÿNORMALÿNOCTURNAÿSECAÿc/Aÿ;0.0;OK
P539                ;ALWAYSÿMAXPROTÿNORMALÿNOCTURNAÿSECAÿSUPE;0.0;OK
P54                 ;JOHNSON BABY MAX.SUAVIDAD FECULA TALCO X;192.0;OK
P540                ;ALWAYSÿMAXPROTÿNORMALÿNOCTURNAÿSUAVEÿc/A;28.0;OK
P541                ;ALWAYSÿMAXPROTÿNORMALÿNOCTURNAÿSUAVEÿSUP;0.0;OK
P542                ;ALWAYS MAXPROT ULTRAFINA DIA SECA C/A X1;16.0;OK
P544                ;ALWAYSÿMAXPROTÿULTRAFINAÿDIAÿSUAVEÿc/Aÿx;31.0;OK
P545                ;ALWAYSÿMAXPROTÿULTRAFINAÿNOCTURNAÿSECAÿc;17.0;OK
P547                ;ALWAYSÿMAXPROTÿULTRAFINAÿNOCTURNAÿSUAVEÿ;27.0;OK
P548                ;ALWAYS NORMAL c/A toa.x08u              ;40.0;OK
P55                 ;JOHNSON BABY MAX.SUAVIDAD FECULA TALCO X;0.0;OK
P554                ;ALWAYSÿPLATINUMÿDIAÿULTRAFINAÿODORÿSTOPÿ;44.0;OK
P556                ;ALWAYS BASICA SECA c/A toa.x8u          ;12.0;OK
P561                ;CAREFREE LONGS DIARIOS protec.x20u      ;16.0;OK
P562                ;CAREFREE LONGS DIARIOS protec.x60u      ;0.0;OK
P563                ;CAREFREE PROTECCION COMPACT protec.x20u ;215.0;OK
P564                ;CAREFREE PROTECCION COMPACT protec.x80u ;6.0;OK
P565                ;CAREFREE PROTECCION protec.x20u         ;101.0;OK
P566                ;CAREFREE PROTECCION protec.x60u         ;32.0;OK
P568                ;CAREFREE TODOS LOS DIAS protec.x20u     ;73.0;OK
P569                ;CAREFREE TODOS LOS DIAS protec.x60u     ;0.0;OK
P570                ;KOTEX EVOLUTION tampon x16u MED         ;0.0;OK
P571                ;KOTEX EVOLUTION tampon x16u MINI        ;2.0;OK
P572                ;KOTEX EVOLUTION TAMPON X8 MED           ;2.0;OK
P575                ;KOTEX EVOLUTION tamponx16u SUPER        ;0.0;OK
P58                 ;JOHNSON BABY GOTAS DE BRILLO AC x200ml  ;18.0;OK
P580                ;KOTEX NOCTURNAS EXTRA SUAVES c/A toa.x8u;0.0;OK
P581                ;KOTEX NORMAL TELA TWISTER c/A toa.x16u  ;0.0;OK
P582                ;KOTEX NORMAL TELA TWISTER c/A toa.x8u   ;279.0;OK
P583                ;KOTEX PROTEC.DIARIOS CLASSIC REWIND PROT;20.0;OK
P584                ;KOTEX PROTEC.DIARIOS CLASSIC REWIND PROT;48.0;OK
P585                ;KOTEXÿPROTEC.DIARIOSÿMULTIESTILOÿREWINDÿ;32.0;OK
P586                ;KOTEX PROTEC.DIARIOS MULTIESTILO REWIND ;15.0;OK
P587                ;KOTEXÿPROTEC.DIARIOSÿMULTIESTILOÿREWINDÿ;0.0;OK
P590                ;KOTEXÿULTRAFINASÿABSORCIONÿc/Aÿs/Pÿtoa.x;23.0;OK
P593                ;LINA NORMAL c/A toa.x16u (dds)          ;16.0;OK
P598                ;O.B.CANALES CURVOS MINI tampones x10u   ;5.0;OK
P599                ;O.B.CANALES CURVOS MINI tampones x20u   ;0.0;OK
P60                 ;JOHNSON BABY GOTAS DE BRILLO SH x400ml  ;13.0;OK
P600                ;O.B.CANALES CURVOS SUPER tampones x10u  ;0.0;OK
P603                ;O.B.PROCONFORTÿc/CUBIERTAÿSILKTOUCHÿMINI;4.0;OK
P605                ;PLENITUD FEMME TOA.LARGA c/A toa.x16u   ;48.0;OK
P606                ;PLENITUD FEMME TOA.LARGA c/A toa.x8u    ;5.0;OK
P607                ;PLENITUD FEMME TOA.NORMAL c/A toa.x8u   ;107.0;OK
P611                ;PLENITUD PROTECTOR LARGO protec.x14u    ;252.0;OK
P612                ;PLENITUDÿFEMMEÿPROTECTORÿNORMALÿprotec.x;11.0;OK
P615                ;PLENITUD FEMME TOA.ULTRA s/A toa.x8     ;0.0;OK
P616                ;SIEMPRE LIBRE ADAPT ESPECIAL C/A TOA.X16;146.0;OK
P617                ;SIEMPRE LIBRE ADAPT ESPECIAL c/A toa.x8u;0.0;OK
P618                ;SIEMPRE LIBRE ESPECIAL UF c/A toa.x8u   ;24.0;OK
P619                ;SIEMPRE LIBRE FIT c/A toa.x16u          ;41.0;OK
P620                ;SIEMPRE LIBRE FIT c/A toa.x8u           ;112.0;OK
P621                ;SIEMPRE LIBRE FIT s/A toa.x8u           ;98.0;OK
P622                ;SIEMPREÿLIBREÿMAXÿSUAVEÿTERMOCTRL.ECONOM;201.0;OK
P623                ;SIEMPREÿLIBREÿMAXÿSUAVEÿTERMOCTRLÿTANGAÿ;26.0;OK
P624                ;SIEMPRE LIBRE NORMAL SUAVE c/A toa.x16u ;10.0;OK
P625                ;SIEMPRE LIBRE NORMAL SUAVE c/A toa.x8u  ;92.0;OK
P628                ;SIEMPRE LIBRE TERMOCTRL UF c/A toa.x16u ;360.0;OK
P629                ;SIEMPRE LIBRE TERMOCTRL UF c/A toa.x8u  ;0.0;OK
P639                ;COMODIN PRACTIBAÑO paño jabonoso x10u   ;0.0;OK
P640                ;DOVEÿBEAUTYÿ+CREAMÿHUMECTANTEÿJBONÿx90gÿ;849.0;OK
P643                ;DOVE BEAUTY CREAM WASH JBON LIQ.x250ml  ;2.0;OK
P65                 ;JOHNSONÿBABYÿRECIANÿNACIDOÿHIDRATACIONÿc;5.0;OK
P67                 ;JOHNSONÿBABYÿTHÿDESDEÿELÿPRIMERÿDIAÿtoa.;12.0;OK
P674                ;LIFEBUOY CREAM JBON x1u x125gr          ;286.0;OK
P68                 ;JOHNSONÿBABYÿTHÿEXTRAÿCUIDADOÿtoa.húmeda;6.0;OK
P6805               ;HUGGIES ACTIVE SEC PA_AL X12U PEQ       ;0.0;OK
P6806               ;PANTENE 3  RESTAURACION CPP x170ml      ;11.0;OK
P6937               ;OLD SPICE LEYENDA EPICA BODY WASH x200ml;6.0;OK
P6938               ;OLD SPICE LEYENDA EPICA BODY WASH x400ml;5.0;OK
P6939               ;OLD SPICE VIP BODY WASH x200ml          ;2.0;OK
P6944               ;PANTENE 3  RESTAURACION AC x90ml        ;99.0;OK
P6945               ;PANTENEÿ3ÿÿFUERZA&RECONSTRUCCIONÿACÿx90m;50.0;OK
P6948               ;ALWAYS LINER s/P toa.x15u               ;12.0;OK
P6949               ;ALWAYS LINER s/P toa.x40u               ;47.0;OK
P6950               ;ALWAYS LINER RESPIRABLE toa.x15u        ;7.0;OK
P6951               ;ALWAYS LINER RESPIRABLE toa.x40u        ;17.0;OK
P6952               ;ALWAYS LINER RESPIRABLE toa.x80u        ;0.0;OK
P696                ;NEUTROGENA DEEP CLEAN ENERGIZANTE x100  ;0.0;OK
P6967               ;HUGGIES ACTIVE SEC PANTS pa±al x18u PEQ ;5.0;OK
P6968               ;HUGGIES ACTIVE SEC PANTS pa±al x16u MED ;20.0;OK
P6969               ;HUGGIES ACTIVE SEC PANTS pa±al x14u GDE ;5.0;OK
P697                ;NEUTROGENA DEEP CLEAN jbon x80gr        ;99.0;OK
P6970               ;HUGGIES ACTIVE SEC PANTS PA±AL X14U XGD ;0.0;OK
P6971               ;HUGGIES ACTIVE SEC PANTS pa±al x14u XXG ;0.0;OK
P6979               ;JOHNSON BABY HORA DE JUGAR JBON x80g x1u;291.0;OK
P6994               ;BAND AID FROZEN x25u                    ;161.0;OK
P70                 ;JOHNSONÿCABELLOSÿCLAROSÿACÿx200ml(MANZAN;29.0;OK
P7003               ;COMODINÿULTRAÿROPAÿINTERIORÿropaÿint.ÿx0;0.0;OK
P7062               ;JOHNSON FUERZA&VITAMINA AC x200ml       ;54.0;OK
P7063               ;JOHNSON FUERZA&VITAMINA SH x400ml       ;47.0;OK
P7064               ;JOHNSON FUERZA&VITAMINA spr.x200ml      ;155.0;OK
P7065               ;NEUTROGENAÿACNEÿPROOFINGÿEXFOLIANTEÿgelÿ;12.0;OK
P7066               ;NEUTROGENAÿACNEÿPROOFINGÿGELÿLIMPIEZAÿge;28.0;OK
P7067               ;NEUTROGENAÿACNEÿPROOFINGÿTONICOÿfco.x200;0.0;OK
P7069               ;NEUTROGENAÿBODYCAREÿINTENSIVEÿCONFORTÿcr;23.0;OK
P7070               ;NEUTROGENAÿBODYCAREÿINTENSIVEÿEXTRAÿCARE;0.0;OK
P7071               ;NEUTROGENAÿBODYCAREÿINTENSIVEÿEXTRAÿCARE;4.0;OK
P7098               ;PAMPERS CONFORTSEC pañal x16u XXG       ;24.0;OK
P7099               ;PAMPERS CONFORTSEC pañal x34u XXG       ;20.0;OK
P71                 ;JOHNSONÿCABELLOSÿCLAROSÿc/AGUAÿPURIFICAD;20.0;OK
P7100               ;PAMPERS CONFORTSEC pañal x44u XXG       ;2.0;OK
P7128               ;PAMPERS PANTS CONFORT SEC pañal x22u MED;17.0;OK
P7129               ;PAMPERSÿPANTSÿCONFORTÿSECÿpa¤alÿx16uÿXXG;130.0;OK
P7139               ;DOVE OLEO NUTRICION MICELAR SH x400ml   ;0.0;OK
P7139               ;DOVE OLEO NUTRICION MICELAR SH x400ml   ;1.0;NOOK
P7141               ;DOVE OLEO NUTRICION MICELAR AC x200ml   ;0.0;OK
P7186               ;AXE APOLLO SG x200ml                    ;89.0;OK
P7187               ;AXE GOLD SG x200ml                      ;11.0;OK
P7191               ;AXE GOLD ANTI MARKS DESO.152ml/90g      ;0.0;OK
P7193               ;AXE GOLD WOOD VAINILLA DESO.150ml       ;65.0;OK
P7194               ;DOVEÿCLINICALÿPROTECTIONÿORIGINALÿDESO.B;1.0;OK
P7195               ;AXE URBAN CERA lata x75g                ;0.0;OK
P7196               ;AXE ADRENALINE CERA lata x75g           ;1.0;OK
P7198               ;DOVE REVIGORIZANTE JBON LIQ.x250ml      ;26.0;OK
P72                 ;JOHNSONÿCABELLOSÿCLAROSÿSHÿx200ml(MANZAN;23.0;OK
P7206               ;AXE URBAN GEL SG pomo x170g             ;16.0;OK
P7208               ;AXE GOLD GEL SG pomo x170g              ;32.0;OK
P73                 ;JOHNSON GOLD SH x200ml                  ;0.0;OK
P74                 ;JOHNSON GOLD SH X400ML                  ;20.0;OK
P743                ;COMODIN TOALLAS HUMEDAS c/ALANTOINA x60u;0.0;OK
P744                ;COMODIN AD ANATOMICO GDE PAÑAL X16U     ;0.0;OK
P745                ;COMODIN AD ANATOMICO GDE pañal x8u      ;150.0;OK
P746                ;COMODINÿADÿANATOMICOÿJUVENILÿMEDÿpa¤alÿx;73.0;OK
P749                ;COMODIN AD CLASICO GDE PAÑAL X10U       ;0.0;OK
P750                ;COMODIN AD CLASICO GDE pañal x20u       ;0.0;OK
P751                ;COMODIN AD CLASICO pañal x10u XGD       ;13.0;OK
P752                ;COMODIN AD CLASICO pañal x20u XGD       ;0.0;OK
P753                ;COMODIN CUBRE COLCHON PVC x1u (1PLAZA)  ;5.0;OK
P754                ;COMODIN CUBRE COLCHON PVC x1u (2PLAZA)  ;20.0;OK
P756                ;COMODINÿINCONTINENCIAÿEXTREMAÿXGDEÿaposi;0.0;OK
P757                ;COMODINÿINCONTINENCIAÿFUERTEÿGDEÿaposito;0.0;OK
P758                ;COMODINÿINCONTINENCIAÿFUERTEÿGDEÿaposito;0.0;OK
P759                ;COMODIN INCONTINENCIA MODERADA MED aposi;0.0;OK
P760                ;COMODIN POST PARTO aposito x10u         ;0.0;OK
P761                ;COMODIN REFUERZA PAÑAL GDE aposito x10u ;0.0;OK
P762                ;COMODIN REFUERZA PAÑAL MED aposito x10u ;0.0;OK
P764                ;COMODIN REFUERZA PAÑAL XGDE aposito x20u;0.0;OK
P768                ;PLENITUDÿACTIVEÿFITÿMENÿropaÿinter.x08uÿ;0.0;OK
P769                ;PLENITUDÿACTIVEÿFITÿWOMÿropaÿinter.x20uÿ;17.0;OK
P77                 ;JOHNSON PROTECTOR MAMARIO caja x12u     ;18.0;OK
P771                ;PLENITUDÿACTIVEÿFITÿWOMÿropaÿinter.x08uÿ;0.0;OK
P775                ;PLENITUD APOSITO aposito x10u           ;1.0;OK
P776                ;PLENITUD CLASSIC pa_al x16u GDE         ;203.0;OK
P777                ;PLENITUD CLASSIC pa_al x16u MED         ;0.0;OK
P778                ;PLENITUDÿPROTECTÿc/NUTRACAREÿpañalÿx08uÿ;36.0;OK
P779                ;PLENITUDÿPROTECTÿc/NUTRACAREÿpañalÿx08uÿ;0.0;OK
P78                 ;JOHNSON PROTECTOR MAMARIO caja x24u     ;0.0;OK
P780                ;PLENITUDÿPROTECTÿc/NUTRACAREÿpañalÿx08uÿ;45.0;OK
P781                ;PLENITUDÿPROTECTÿc/NUTRACAREÿpañalÿx16uÿ;60.0;OK
P782                ;PLENITUDÿPROTECTÿc/NUTRACAREÿpañalÿx16uÿ;106.0;OK
P805                ;HUGGIES MAMA POST PARTO APOSITOS x10u   ;23.0;OK
P81                 ;KLEENEX CLASSIC BOX pa_u.x75pa_uelos    ;0.0;OK
P82                 ;KLEENEX CLASSIC CUBO                    ;37.0;OK
P823                ;HUGGIESÿPRIMEROSÿ100ÿDIASÿPREMATUROÿpaña;4.0;OK
P8230               ;DOVE NUTRICION PROFUNDA SG x250ml       ;0.0;OK
P8259               ;DOVE HW KARITE&VAINILLA JLIQ.6x250ml    ;11.0;OK
P8260               ;DOVE HW GRANADA&VERBENA JLIQ.6x250ml    ;18.0;OK
P8368               ;PANTENE MICELLAR SH x200ml              ;0.0;OK
P8369               ;PANTENE MICELLAR SH x400ml              ;87.0;OK
P8370               ;PANTENE MICELLAR CN x400ml              ;233.0;OK
P8371               ;PANTENE MICELLAR CN x200ml              ;4.0;OK
P8373               ;PANTENE MICELLAR CT x160ml              ;107.0;OK
P8374               ;NEUTROGENAÿPURIFIEDÿSKINÿAGUAÿMICELARÿfc;0.0;OK
P8375               ;BAND AID TOY STORY x25u                 ;44.0;OK
P841                ;PAMPERS BABYWIPES SENSITIVE toa.x56u (c/;0.0;OK
P848                ;PAMPERS CONFORTSEC POD pañal x20u RN+   ;3.0;OK
P8519               ;SEDAL HIDRATACION MICELAR SH 12x340ml   ;5.0;OK
P8521               ;SEDAL HIDRATACION MICELAR AC 12x340ml   ;0.0;OK
P8523               ;DOVEÿDEOÿSTIÿAPÿINVISIBLEÿDRYÿDESO.BARRA;52.0;OK
P8524               ;DOVEÿDEOÿROLLONÿAPÿRENOVADORÿROLL-ONÿx12;105.0;OK
P8525               ;DOVEÿDEOÿROLÿAPÿINVISIBLEÿCAREÿL-ONÿx12x;45.0;OK
P8526               ;DOVEÿDEOÿROLÿAPÿHIPOALERGENICOÿL-ONÿx12x;17.0;OK
P8528               ;DOVEÿDEOÿAERÿAPÿINVISÿCAREÿDESO.12x89/15;0.0;OK
P8529               ;DOVE AER AP RENOVADOR DESO.12x65/110ml  ;4.0;OK
P8530               ;DOVEÿAERÿAPÿHIPOALERGENICOÿDESO.12x65/11;9.0;OK
P8532               ;REXONA JAB ANTIB ORIGINAL JBON 108x90g  ;206.0;OK
P8533               ;REXONA JAB ANTIB ORIGINAL JBON 36x3x90g ;40.0;OK
P8534               ;REXONAÿJABÿANTIBACTERIALÿALOEÿJBONÿ36x3x;0.0;OK
P8536               ;SIMPLE GENTLE CARE DESO.ROLL-ON x50ml   ;83.0;OK
P8537               ;SIMPLEÿGENTLEÿINVISIBLEÿDESO.ROLL-ONÿx50;152.0;OK
P8538               ;SIMPLE GENTLE CARE AER AP x150ml        ;23.0;OK
P8539               ;SIMPLE INVISIBLE AER AP x150ml          ;6.0;OK
P854                ;PAMPERS CONFORTSEC POD pañal x40u RN+   ;111.0;OK
P8540               ;SIMPLEÿCRÿHIDRATANTEÿFACIALÿSPF15ÿcr.x12;62.0;OK
P8541               ;SIMPLEÿLIMPIADORÿFAC.HUMECTANTEÿREFRESHÿ;60.0;OK
P8542               ;SIMPLEÿLIMPIADORÿFAC.HUMECTANTEÿMOISTURI;129.0;OK
P8543               ;SIMPLE DESMAQUILLANTE OJOS env.x125ml   ;11.0;OK
P8544               ;SIMPLE AGUA MICELAR env.x125ml          ;114.0;OK
P8545               ;SIMPLE TOA LIMPIEZA toa x25u            ;175.0;OK
P8546               ;SIMPLEÿTOAÿLIMPIEZAÿc/AGUAÿMICELARÿtoaÿx;216.0;OK
P855                ;PAMPERS PREMIUM CARE POD pañal x16u XGDE;11.0;OK
P856                ;PAMPERSÿPREMIUMÿCAREÿPODÿpa¤alÿx16uÿXXGD;163.0;OK
P857                ;PAMPERS PREMIUM CARE POD pañal x20u GDE ;0.0;OK
P8572               ;AXE DEO AER BODY SPRAY RIVER x150ml     ;0.0;OK
P8573               ;AXE DEO AER BODY SPRAY BOCA x150ml      ;0.0;OK
P8576               ;DOVEÿSUPERÿACONDICIONADORÿFACTORÿNUTRICÿ;0.0;OK
P8577               ;DOVEÿAERÿANTITRANSPIRANTEÿGOÿFRESHÿVERBE;0.0;OK
P8578               ;DOVEÿDEOÿROLLÿONÿGOÿFRESHÿGRANÿVERBENAÿx;0.0;OK
P8579               ;LUX HW FLOR DE VERBENA 250ml            ;115.0;OK
P858                ;PAMPERS PREMIUM CARE POD pañal x20u PEQ ;30.0;OK
P8581               ;AXEÿDEOÿAERÿANTITRANSPIRANTEÿRIVERÿx125m;3.0;OK
P8582               ;AXE DEO AER ANTITRANSPIRANTE BOCA x125ml;5.0;OK
P859                ;PAMPERS PREMIUM CARE SUAVE pañal x24u ME;18.0;OK
P860                ;PAMPERS PREMIUM CARE POD pañal x36u XGDE;0.0;OK
P8613               ;TAMPAX REGULAR tampones x8u             ;119.0;OK
P862                ;PAMPERS PREMIUM CARE POD pañal x40u PEQ ;0.0;OK
P863                ;PAMPERS PREMIUM CARE POD pañal x46u GDE ;4.0;OK
P8630               ;HERBAL ESSENCES BIO RENEW-WHITE GRAPEFRU;0.0;OK
P8631               ;HERBALÿESSENCESÿBIOÿRENEW-WHITEÿGRAPEFRU;73.0;OK
P8632               ;TAMPAX SUPER tampones x8u               ;86.0;OK
P8633               ;PANTENE 3  SUMMER ED AC x90ml           ;72.0;OK
P8634               ;PANTENE 3  SUMMER ED AC x170ml          ;20.0;OK
P8635               ;PANTENE 3  SUMMER ED CPP x300ml         ;77.0;OK
P864                ;PAMPERS PREMIUM CARE POD PAÑAL X52U MED ;0.0;OK
P865                ;PAMPERS RECIEN NACIDOS pañal x20u       ;10.0;OK
P8654               ;NEXXUS EMERGENCEE AC x250ml             ;1.0;OK
P8655               ;NEXXUS NUTRITIVE RESTORING AC x250ml    ;0.0;OK
P8656               ;NEXXUS OIL INFINITE AC x250ml           ;6.0;OK
P8657               ;NEXXUS YOUTH RENEWAL RESTORING AC x250ml;0.0;OK
P8658               ;NEXXUS YOUTH RENEWAL BALANCING SH x250ml;0.0;OK
P8659               ;NEXXUS EMERGENCEE SH x250ml             ;0.0;OK
P8660               ;NEXXUS NUTRITIVE RESTORING SH x250ml    ;0.0;OK
P8661               ;NEXXUS OIL INFINITE SH x250ml           ;0.0;OK
P875                ;PAMPERS SUPERSUAVE pañal x20u RN+       ;113.0;OK
P887                ;DOVE CONTROL CASPA SH x200ml            ;0.0;OK
P892                ;DOVE MEN CARE 2EN1 x200ml               ;23.0;OK
P893                ;DOVE MEN CARE 2EN1 x400ml               ;2.0;OK
P895                ;DOVE OLEO ELIXIR CPP x98ml              ;0.0;OK
P8953               ;DOVE AGUACATE cr.x400ml                 ;136.0;OK
P8954               ;DOVE COCO&ALMENDRA cr.x400ml            ;56.0;OK
P8955               ;DOVE MANGO cr.x400ml                    ;7.0;OK
P8957               ;REXONAÿEFFICIENTÿSPORTÿANTIBACTERIALÿpvo;107.0;OK
P8968               ;LUX FLOR DE VERBENA JBON LIQ.x250ml     ;4.0;OK
P8971               ;LUX FLOR DE VAINILLA JBON x125g x1u     ;168.0;OK
P8972               ;LUX FLOR DE VERBENA JBON x125g x1u      ;20.0;OK
P8973               ;LUX ORQUIDEA NEGRA JBON x125g x1u       ;101.0;OK
P8975               ;DOVE MICELAR ANTI-STRESS JBON LIQ.x250ml;6.0;OK
P8976               ;LUX JAZMIN JBON LIQ.x250ml              ;0.0;OK
P900                ;DOVE OLEO NUTRICION CT x350gr           ;0.0;OK
P908                ;DOVEÿRECONSTRUCCIONÿCOMPLETAÿACÿx180mlÿD;24.0;OK
P9096               ;LUX ROSAS FRANCESAS JBON LIQ.x250ml     ;15.0;OK
P9102               ;HEAD&SHOULDERS SUAVE&MANEJABLE SH x180ml;144.0;OK
P9103               ;HEAD&SHOULDERS SUAVE&MANEJABLE AC x180ml;96.0;OK
P9106               ;LUX JAZMIN JBON x125g x1u               ;272.0;OK
P9361               ;HEAD&SHOULDERSÿHUMECTANTEÿCASPAÿenv.x4.5;24.0;OK
P9362               ;HEAD&SHOULDERS HUMECTANTE SH x375ml     ;36.0;OK
P9363               ;HEAD&SHOULDERS HUMECTANTE AC x375ml     ;28.0;OK
P9364               ;HEAD&SHOULDERS HUMECTANTE AC x180ml     ;23.0;OK
P9365               ;HEAD&SHOULDERSÿPROTECCIONÿCAIDAÿSHÿx180m;11.0;OK
P9366               ;HEAD&SHOULDERSÿPROTECCIONÿCAIDAÿACÿx180m;26.0;OK
P9367               ;HEAD&SHOULDERSÿPROTECCIONÿCAIDAÿSHÿx375m;5.0;OK
P9368               ;HEAD&SHOULDERSÿPROTECCIONÿCAIDAÿACÿx375m;21.0;OK
P9369               ;HEAD&SHOULDERS INSTANT RELIEF SH x375ml ;34.0;OK
P9370               ;HEAD&SHOULDERS INSTANT RELIEF AC x375ml ;20.0;OK
P9371               ;HEAD&SHOULDERS INSTANT RELIEF SH x180ml ;17.0;OK
P9372               ;HEAD&SHOULDERS INSTANT RELIEF AC x180ml ;17.0;OK
P9373               ;HEAD&SHOULDERS MANZANA FRESH AC x180ml  ;17.0;OK
P9374               ;HEAD&SHOULDERS MANZANA FRESH SH x180ml  ;0.0;OK
P9375               ;HEAD&SHOULDERS MANZANA FRESH SH x375ml  ;33.0;OK
P9376               ;HEAD&SHOULDERS MANZANA FRESH AC x375ml  ;26.0;OK
P9378               ;HEAD&SHOULDERS SUAVE&MANEJABLE AC x375ml;56.0;OK
P9380               ;HEAD&SHOULDERS SUAVE&MANEJABLE SH x375ml;79.0;OK
P9381               ;HEAD&SHOULDERSÿOLDÿSPICEÿLIMPIEZAÿPROFUN;5.0;OK
P9382               ;HEAD&SHOULDERSÿOLDÿSPICEÿLIMPIEZAÿPROFUN;18.0;OK
P9383               ;HEAD&SHOULDERS 3EN1 MEN env.x180ml      ;14.0;OK
P9384               ;HEAD&SHOULDERS 3EN1 MEN env.x375ml      ;29.0;OK
P9388               ;SEDALÿSUPERACONDICIONADORÿ1MINÿREPARACIO;19.0;OK
P970                ;LORD CHESELINE CLASIC pomo x150gr       ;0.0;OK
P971                ;LORDÿCHESELINEÿDEFINICIONÿYÿCONTROLÿpote;50.0;OK
P978                ;PANTENEÿMAXPRO-VÿBRILLOÿEXTREMOÿACÿx200m;0.0;OK
P979                ;PANTENEÿMAXPRO-VÿBRILLOÿEXTREMOÿACÿx400m;47.0;OK
P980                ;PANTENEÿMAXPRO-VÿBRILLOÿEXTREMOÿSHÿx200m;22.0;OK
P981                ;PANTENEÿMAXPRO-VÿBRILLOÿEXTREMOÿSHÿx400m;0.0;OK
P987                ;PANTENE CUIDADO CLASICO 2EN1 x200ml     ;18.0;OK
P992                ;PANTENEÿEXPERTÿADVANCEDÿKERATINÿREPAIRÿS;64.0;OK
P995                ;PANTENE EXPERT AGE DEFY SH x250ml       ;32.0;OK
P996                ;PANTENE EXPERT AGE DEFY SH x300ml       ;96.0;OK
