EMP00;FC|OEP;7515;C100692;20200518;20200520;20200520;Panorama Varios;Panorama Frecuencia;1;P1520;3
EMP00;FC|OEP;7515;C100692;20200518;20200520;20200520;Panorama Varios;Panorama Frecuencia;2;P238;3
EMP00;FC|OEP;7515;C100692;20200518;20200520;20200520;Panorama Varios;Panorama Frecuencia;3;P334;2
EMP00;FC|OEP;7515;C100692;20200518;20200520;20200520;Panorama Varios;Panorama Frecuencia;4;P2022;2
EMP00;FC|OEP;7515;C100692;20200518;20200520;20200520;Panorama Varios;Panorama Frecuencia;5;P304;2
EMP00;FC|OEP;7515;C100692;20200518;20200520;20200520;Panorama Varios;Panorama Frecuencia;6;P307;4
EMP00;FC|OEP;7515;C100692;20200518;20200520;20200520;Panorama Varios;Panorama Frecuencia;7;P258;3
EMP00;FC|OEP;7515;C100692;20200518;20200520;20200520;Panorama Varios;Panorama Frecuencia;8;P8498;4
EMP00;FC|OEP;7515;C100692;20200518;20200520;20200520;Panorama Varios;Panorama Frecuencia;9;P12530;8
EMP00;FC|OEP;7515;C100692;20200518;20200520;20200520;Panorama Varios;Panorama Frecuencia;10;P3896;1
EMP00;FC|OEP;7515;C100692;20200518;20200520;20200520;Panorama Varios;Panorama Frecuencia;11;P561;3
EMP00;FC|OEP;7515;C100692;20200518;20200520;20200520;Panorama Varios;Panorama Frecuencia;12;P285;4
EMP00;FC|OEP;7515;C100692;20200518;20200520;20200520;Panorama Varios;Panorama Frecuencia;13;P1025;2
EMP00;FC|OEP;7515;C100692;20200518;20200520;20200520;Panorama Varios;Panorama Frecuencia;14;P580;2
EMP00;FC|OEP;7515;C100692;20200518;20200520;20200520;Panorama Varios;Panorama Frecuencia;15;P43;6
EMP00;FC|OEP;7515;C100692;20200518;20200520;20200520;Panorama Varios;Panorama Frecuencia;16;P563;3
EMP00;FC|OEP;7515;C100692;20200518;20200520;20200520;Panorama Varios;Panorama Frecuencia;17;P1120;12
EMP00;FC|OEP;7515;C100692;20200518;20200520;20200520;Panorama Varios;Panorama Frecuencia;18;P538;2
EMP00;FC|OEP;7515;C100692;20200518;20200520;20200520;Panorama Varios;Panorama Frecuencia;19;P2719;3
EMP00;FC|OEP;7515;C100692;20200518;20200520;20200520;Panorama Varios;Panorama Frecuencia;20;P2812;4
EMP00;FC|OEP;7515;C100692;20200518;20200520;20200520;Panorama Varios;Panorama Frecuencia;21;P3999;4
EMP00;FC|OEP;7515;C100692;20200518;20200520;20200520;Panorama Varios;Panorama Frecuencia;22;P6849;2
EMP00;FC|OEP;7515;C100692;20200518;20200520;20200520;Panorama Varios;Panorama Frecuencia;23;P9367;4
EMP00;FC|OEP;7515;C100692;20200518;20200520;20200520;Panorama Varios;Panorama Frecuencia;24;P11538;4
EMP00;FC|OEP;7515;C100692;20200518;20200520;20200520;Panorama Varios;Panorama Frecuencia;25;P11725;4
EMP00;FC|OEP;7515;C100692;20200518;20200520;20200520;Panorama Varios;Panorama Frecuencia;26;P12177;4
EMP00;FC|OEP;7515;C100692;20200518;20200520;20200520;Panorama Varios;Panorama Frecuencia;27;P12182;4
EMP00;FC|OEP;7515;C100692;20200518;20200520;20200520;Panorama Varios;Panorama Frecuencia;28;P12183;4
EMP00;FC|OEP;7515;C100692;20200518;20200520;20200520;Panorama Varios;Panorama Frecuencia;29;P13515;4
EMP00;FC|OEP;7515;C100692;20200518;20200520;20200520;Panorama Varios;Panorama Frecuencia;30;P14183;3
EMP00;FC|OEP;7515;C100692;20200518;20200520;20200520;Panorama Varios;Panorama Frecuencia;31;P14289;2
EMP00;FC|OEP;7515;C100692;20200518;20200520;20200520;Panorama Varios;Panorama Frecuencia;32;P14291;4
EMP00;FC|OEP;7515;C100692;20200518;20200520;20200520;Panorama Varios;Panorama Frecuencia;33;P14294;6
